id,network_node_key,network_node_ipaddress,ipaddress_string,credential_profile,credential_name,hostname,domain,description,status,error,scanid,createdtime,scan_type
da65e737-c646-4044-af75-e608ae200b39,NETNOD-999514,3232252158,192.168.64.254,N/A,Behin-Nessus,N/A,N/A,N/A,-1,Timeout happened.,4,2023-02-27 17:47:48,ILO
fd1434bc-940f-458f-9a97-cdcdf1fa12bc,NETNOD-999514,3232252158,192.168.64.254,N/A,Behin-iLO,N/A,N/A,N/A,-1,Timeout happened.,4,2023-02-27 17:47:48,ILO
ee57566e-1fa9-46c9-865a-d8ee235dfdc1,NETNOD-999494,3232251484,192.168.62.92,N/A,Behin-Nessus,N/A,N/A,N/A,-1,Timeout happened.,4,2023-02-27 17:47:48,ILO
fba8be38-13e5-4154-82c1-3a2acfaa52b4,NETNOD-999494,3232251484,192.168.62.92,N/A,Behin-iLO,N/A,N/A,N/A,-1,Timeout happened.,4,2023-02-27 17:47:48,ILO
719587b8-1817-46f9-bcb5-d01da343e279,NETNOD-999492,3232251457,192.168.62.65,N/A,Behin-Nessus,N/A,N/A,N/A,-1,Timeout happened.,4,2023-02-27 17:47:48,ILO
614991bd-c2ee-44a0-8558-fc88dfe6e11c,NETNOD-999492,3232251457,192.168.62.65,N/A,Behin-iLO,N/A,N/A,N/A,-1,Timeout happened.,4,2023-02-27 17:47:48,ILO
b52ab551-4378-47a8-bbed-6ba20a58a2d5,NETNOD-999488,3232251440,192.168.62.48,N/A,Behin-Nessus,N/A,N/A,N/A,-1,Timeout happened.,4,2023-02-27 17:47:48,ILO
002f3187-8193-4138-85e8-876da4b2c4f3,NETNOD-999488,3232251440,192.168.62.48,N/A,Behin-iLO,N/A,N/A,N/A,-1,Timeout happened.,4,2023-02-27 17:47:48,ILO
7b8d9ebc-99fc-4f7f-b46d-e537a5de267a,NETNOD-999487,3232251438,192.168.62.46,N/A,Behin-Nessus,N/A,N/A,N/A,-1,Timeout happened.,4,2023-02-27 17:47:48,ILO
1ec65fae-4cc6-46c0-b965-c82a3f9e07e5,NETNOD-999487,3232251438,192.168.62.46,N/A,Behin-iLO,N/A,N/A,N/A,-1,Timeout happened.,4,2023-02-27 17:47:48,ILO
b6c10492-7b13-4007-9065-cb955e9f589e,NETNOD-999391,3232251419,192.168.62.27,N/A,Behin-Nessus,N/A,N/A,N/A,-1,Timeout happened.,4,2023-02-27 17:47:48,ILO
2a699f50-d0ab-46c2-84a8-68abc98e5771,NETNOD-999391,3232251419,192.168.62.27,N/A,Behin-iLO,N/A,N/A,N/A,-1,Timeout happened.,4,2023-02-27 17:47:48,ILO
d9ccb515-e061-46b2-959d-8f940baf2032,NETNOD-999508,3232251642,192.168.62.250,N/A,Behin-Nessus,N/A,N/A,N/A,-1,Timeout happened.,4,2023-02-27 17:47:48,ILO
a59fd327-a7cb-40e4-9ac0-329a7bab66e2,NETNOD-999508,3232251642,192.168.62.250,N/A,Behin-iLO,N/A,N/A,N/A,-1,Timeout happened.,4,2023-02-27 17:47:48,ILO
818c3a2c-12ce-48f1-84d1-cec0c41c25f7,NETNOD-999504,3232251620,192.168.62.228,N/A,Behin-Nessus,N/A,N/A,N/A,-1,,4,2023-02-27 17:47:48,ILO
aec1a3e6-f584-4049-a040-12b9b9f3034f,NETNOD-999504,3232251620,192.168.62.228,N/A,Behin-iLO,N/A,N/A,N/A,-1,,4,2023-02-27 17:47:48,ILO
e8806d2e-50a8-4565-bfeb-4a0ab28fa41d,NETNOD-999756,3232251541,192.168.62.149,N/A,Behin-Nessus,N/A,N/A,N/A,-1,Timeout happened.,4,2023-02-27 17:47:48,ILO
8290681d-9337-4e71-8071-4de92c24cc8a,NETNOD-999756,3232251541,192.168.62.149,N/A,Behin-iLO,N/A,N/A,N/A,-1,Timeout happened.,4,2023-02-27 17:47:48,ILO
badd8d08-3a62-464f-9b4d-725f5ef30b2e,NETNOD-999496,3232251513,192.168.62.121,N/A,Behin-Nessus,N/A,N/A,N/A,-1,Timeout happened.,4,2023-02-27 17:47:48,ILO
f3d192fd-370d-40ef-856b-d24da1d8979e,NETNOD-999496,3232251513,192.168.62.121,N/A,Behin-iLO,N/A,N/A,N/A,-1,Timeout happened.,4,2023-02-27 17:47:48,ILO
1adfb972-158d-46c8-a77e-212670c34ed2,NETNOD-999495,3232251512,192.168.62.120,N/A,Behin-Nessus,N/A,N/A,N/A,-1,Timeout happened.,4,2023-02-27 17:47:48,ILO
07f8c045-8d39-469e-aeea-5ed7fb80f522,NETNOD-999495,3232251512,192.168.62.120,N/A,Behin-iLO,N/A,N/A,N/A,-1,Timeout happened.,4,2023-02-27 17:47:48,ILO
5cf7dd88-d43a-4611-bfe8-427aac881d7d,NETNOD-999474,3232248880,192.168.52.48,N/A,Behin-Nessus,N/A,N/A,N/A,-1,Timeout happened.,4,2023-02-27 17:47:48,ILO
cffe5101-ae4d-40cb-ab06-bf48acf6f46c,NETNOD-999474,3232248880,192.168.52.48,N/A,Behin-iLO,N/A,N/A,N/A,-1,Timeout happened.,4,2023-02-27 17:47:48,ILO
d6d517a8-b8ae-4eed-bd91-fcf588955d71,NETNOD-999759,3232248879,192.168.52.47,N/A,Behin-Nessus,N/A,N/A,N/A,-1,Timeout happened.,4,2023-02-27 17:47:48,ILO
2d547f4e-4911-4090-9985-b2d9d27dd5cf,NETNOD-999759,3232248879,192.168.52.47,N/A,Behin-iLO,N/A,N/A,N/A,-1,Timeout happened.,4,2023-02-27 17:47:48,ILO
1dfc1e9e-57fa-43a2-b954-7f5bf1f446b4,NETNOD-999473,3232248878,192.168.52.46,N/A,Behin-Nessus,N/A,N/A,N/A,-1,Timeout happened.,4,2023-02-27 17:47:48,ILO
3e1fb4c7-2a7b-45e7-936a-ef87961c8c1a,NETNOD-999473,3232248878,192.168.52.46,N/A,Behin-iLO,N/A,N/A,N/A,-1,Timeout happened.,4,2023-02-27 17:47:48,ILO
ac49715f-dd66-459f-90d4-0af58b5571d3,NETNOD-999472,3232248877,192.168.52.45,N/A,Behin-Nessus,N/A,N/A,N/A,-1,Timeout happened.,4,2023-02-27 17:47:48,ILO
8d2ecaae-df90-437d-9d8d-c60f2d3cf468,NETNOD-999472,3232248877,192.168.52.45,N/A,Behin-iLO,N/A,N/A,N/A,-1,Timeout happened.,4,2023-02-27 17:47:48,ILO
39c32942-d431-411b-bd00-344813123562,NETNOD-999758,3232248865,192.168.52.33,N/A,Behin-Nessus,N/A,N/A,N/A,-1,Timeout happened.,4,2023-02-27 17:47:48,ILO
144b9a34-6e00-4752-a47c-780eae9a04f2,NETNOD-999758,3232248865,192.168.52.33,N/A,Behin-iLO,N/A,N/A,N/A,-1,Timeout happened.,4,2023-02-27 17:47:48,ILO
be6a61fa-acaa-4a24-9b03-0a0d1aa2bcb9,NETNOD-999755,3232248864,192.168.52.32,N/A,Behin-Nessus,N/A,N/A,N/A,-1,Timeout happened.,4,2023-02-27 17:47:48,ILO
695d2e73-1f86-4ea6-a1b2-c8b285c81bbc,NETNOD-999755,3232248864,192.168.52.32,N/A,Behin-iLO,N/A,N/A,N/A,-1,Timeout happened.,4,2023-02-27 17:47:48,ILO
3ac26740-778d-4bb2-99f7-d8468d3d709f,NETNOD-999760,3232248857,192.168.52.25,N/A,Behin-Nessus,N/A,N/A,N/A,-1,Timeout happened.,4,2023-02-27 17:47:48,ILO
c2ef8367-3ba7-462a-8102-4394e2fbdf3a,NETNOD-999760,3232248857,192.168.52.25,N/A,Behin-iLO,N/A,N/A,N/A,-1,Timeout happened.,4,2023-02-27 17:47:48,ILO
734a41ad-3180-4be4-bb94-551cfd7a363b,NETNOD-999763,3232248854,192.168.52.22,N/A,Behin-Nessus,N/A,N/A,N/A,-1,Timeout happened.,4,2023-02-27 17:47:48,ILO
16183204-48e1-44a3-bcb7-6bbf541e8903,NETNOD-999763,3232248854,192.168.52.22,N/A,Behin-iLO,N/A,N/A,N/A,-1,Timeout happened.,4,2023-02-27 17:47:48,ILO
c5ddcb7e-2f04-41c6-aa20-7d710a5d8ee9,NETNOD-999754,3232248849,192.168.52.17,N/A,Behin-Nessus,N/A,N/A,N/A,-1,Timeout happened.,4,2023-02-27 17:47:48,ILO
46bf97a7-d977-4de2-a0fa-192c9379b0d0,NETNOD-999754,3232248849,192.168.52.17,N/A,Behin-iLO,N/A,N/A,N/A,-1,Timeout happened.,4,2023-02-27 17:47:48,ILO
0a1f2039-18cc-41f5-80a8-16e970c592d7,NETNOD-999467,3232246044,192.168.41.28,N/A,Behin-Nessus,N/A,N/A,N/A,-1,Timeout happened.,4,2023-02-27 17:47:48,ILO
c3ff252e-a620-42e4-8cd7-8b2093a54024,NETNOD-999467,3232246044,192.168.41.28,N/A,Behin-iLO,N/A,N/A,N/A,-1,Timeout happened.,4,2023-02-27 17:47:48,ILO
385bd498-acd1-4fc1-a2b7-037c36254520,NETNOD-999466,3232246043,192.168.41.27,N/A,Behin-Nessus,N/A,N/A,N/A,-1,Timeout happened.,4,2023-02-27 17:47:48,ILO
311b8a17-e48c-4b03-84a3-d4792ef70a6b,NETNOD-999466,3232246043,192.168.41.27,N/A,Behin-iLO,N/A,N/A,N/A,-1,Timeout happened.,4,2023-02-27 17:47:48,ILO
9dd51eed-dbe0-4c80-83fc-d11d0f663346,NETNOD-999465,3232246041,192.168.41.25,N/A,Behin-Nessus,N/A,N/A,N/A,-1,Timeout happened.,4,2023-02-27 17:47:48,ILO
d28a8e0b-4a99-456c-a4fa-2ecf381ab411,NETNOD-999465,3232246041,192.168.41.25,N/A,Behin-iLO,N/A,N/A,N/A,-1,Timeout happened.,4,2023-02-27 17:47:48,ILO
a5924685-e29a-4feb-8d37-943f0bcb2429,NETNOD-999464,3232246040,192.168.41.24,N/A,Behin-Nessus,N/A,N/A,N/A,-1,Timeout happened.,4,2023-02-27 17:47:48,ILO
1da3cbe3-4171-4890-aa4a-a9e698bedae0,NETNOD-999464,3232246040,192.168.41.24,N/A,Behin-iLO,N/A,N/A,N/A,-1,Timeout happened.,4,2023-02-27 17:47:48,ILO
efd4abde-651d-449e-9fba-e541a0f4e8d1,NETNOD-999457,3232243965,192.168.32.253,N/A,Behin-Nessus,N/A,N/A,N/A,-1,Timeout happened.,4,2023-02-27 17:47:48,ILO
a7212745-bc4c-4f0f-9e63-58d4a444a4c2,NETNOD-999457,3232243965,192.168.32.253,N/A,Behin-iLO,N/A,N/A,N/A,-1,Timeout happened.,4,2023-02-27 17:47:48,ILO
aab2d238-9f84-4f03-bba7-0e181b05e4c4,NETNOD-999456,3232243732,192.168.32.20,N/A,Behin-Nessus,N/A,N/A,N/A,-1,Timeout happened.,4,2023-02-27 17:47:48,ILO
6cec3a00-8c61-4abb-bbee-28a2b38b26d5,NETNOD-999456,3232243732,192.168.32.20,N/A,Behin-iLO,N/A,N/A,N/A,-1,Timeout happened.,4,2023-02-27 17:47:48,ILO
df0727d2-3173-4115-bb95-53e9f31e3fda,NETNOD-999404,3232300580,192.168.254.36,N/A,Behin-Nessus,N/A,N/A,N/A,-1,Timeout happened.,4,2023-02-27 17:47:48,ILO
daf9a011-4403-48f9-983b-ac2e078a3bf5,NETNOD-999404,3232300580,192.168.254.36,N/A,Behin-iLO,N/A,N/A,N/A,-1,Timeout happened.,4,2023-02-27 17:47:48,ILO
9f7e42a7-1f65-49b5-8c0b-5c60abde6a99,NETNOD-999403,3232300449,192.168.253.161,N/A,Behin-Nessus,N/A,N/A,N/A,-1,Timeout happened.,4,2023-02-27 17:47:48,ILO
2847cf62-2e15-4163-9335-44c2b3c05167,NETNOD-999403,3232300449,192.168.253.161,N/A,Behin-iLO,N/A,N/A,N/A,-1,Timeout happened.,4,2023-02-27 17:47:48,ILO
926c77f1-50c8-4b83-84ac-6f6e5d3ae2eb,NETNOD-999515,3232298494,192.168.245.254,N/A,Behin-Nessus,N/A,N/A,N/A,-1,Timeout happened.,4,2023-02-27 17:47:48,ILO
2b418d1b-a03e-4cc2-92c7-9eadf91769ee,NETNOD-999515,3232298494,192.168.245.254,N/A,Behin-iLO,N/A,N/A,N/A,-1,Timeout happened.,4,2023-02-27 17:47:48,ILO
fc862a5e-e96f-4688-9ef3-6f99682ec118,NETNOD-999761,3232240649,192.168.20.9,N/A,Behin-Nessus,N/A,N/A,N/A,-1,Timeout happened.,4,2023-02-27 17:47:48,ILO
8bb99a54-e197-4925-a09e-924ad9101b80,NETNOD-999761,3232240649,192.168.20.9,N/A,Behin-iLO,N/A,N/A,N/A,-1,Timeout happened.,4,2023-02-27 17:47:48,ILO
704ae0b7-7f5c-438a-b52b-9b627bc0ccdb,NETNOD-999441,3232240648,192.168.20.8,N/A,Behin-Nessus,N/A,N/A,N/A,-1,Timeout happened.,4,2023-02-27 17:47:48,ILO
1957adb8-3976-4ee0-bd0c-2b78d7b0164f,NETNOD-999441,3232240648,192.168.20.8,N/A,Behin-iLO,N/A,N/A,N/A,-1,Timeout happened.,4,2023-02-27 17:47:48,ILO
db4338f9-a769-481c-a32d-8872535f1f1e,NETNOD-999440,3232240647,192.168.20.7,N/A,Behin-Nessus,N/A,N/A,N/A,-1,Timeout happened.,4,2023-02-27 17:47:48,ILO
390ecb98-d558-4db5-99cc-9e7c770e4631,NETNOD-999440,3232240647,192.168.20.7,N/A,Behin-iLO,N/A,N/A,N/A,-1,Timeout happened.,4,2023-02-27 17:47:48,ILO
d8c78125-3b37-499a-a98c-d36f837bd5ae,NETNOD-999439,3232240646,192.168.20.6,N/A,Behin-Nessus,N/A,N/A,N/A,-1,Timeout happened.,4,2023-02-27 17:47:48,ILO
aaef9c7a-e466-4e67-86db-f29e8c3a5eef,NETNOD-999439,3232240646,192.168.20.6,N/A,Behin-iLO,N/A,N/A,N/A,-1,Timeout happened.,4,2023-02-27 17:47:48,ILO
2cebca24-256c-4aa7-b1c0-df34dcd22399,NETNOD-999438,3232240645,192.168.20.5,N/A,Behin-Nessus,N/A,N/A,N/A,-1,Timeout happened.,4,2023-02-27 17:47:48,ILO
0fd43cf2-1514-431d-9fa1-47f97b2ecf83,NETNOD-999438,3232240645,192.168.20.5,N/A,Behin-iLO,N/A,N/A,N/A,-1,Timeout happened.,4,2023-02-27 17:47:48,ILO
2c49ae64-35d5-480c-9e5d-0d3af89c9e70,NETNOD-999437,3232240644,192.168.20.4,N/A,Behin-Nessus,N/A,N/A,N/A,-1,Timeout happened.,4,2023-02-27 17:47:48,ILO
d0f6b767-5834-465b-a345-f7ed4095d277,NETNOD-999437,3232240644,192.168.20.4,N/A,Behin-iLO,N/A,N/A,N/A,-1,Timeout happened.,4,2023-02-27 17:47:48,ILO
2e4e89f5-cab7-421b-9512-7ac1fc8453ad,NETNOD-999436,3232240643,192.168.20.3,N/A,Behin-Nessus,N/A,N/A,N/A,-1,Timeout happened.,4,2023-02-27 17:47:48,ILO
1ddef34b-d5e0-4898-8588-5787202d1d59,NETNOD-999436,3232240643,192.168.20.3,N/A,Behin-iLO,N/A,N/A,N/A,-1,Timeout happened.,4,2023-02-27 17:47:48,ILO
62d3e47f-634d-4b82-8c62-575f1f2f35db,NETNOD-999762,3232240661,192.168.20.21,N/A,Behin-Nessus,N/A,N/A,N/A,-1,Timeout happened.,4,2023-02-27 17:47:48,ILO
6459f858-6150-4004-9c8b-45f5856be997,NETNOD-999762,3232240661,192.168.20.21,N/A,Behin-iLO,N/A,N/A,N/A,-1,Timeout happened.,4,2023-02-27 17:47:48,ILO
100c4a57-edbb-41d8-9427-689923880bf7,NETNOD-999449,3232240660,192.168.20.20,N/A,Behin-Nessus,N/A,N/A,N/A,-1,Timeout happened.,4,2023-02-27 17:47:48,ILO
e48a5146-0ce7-45aa-9ac3-4fc52f5e125a,NETNOD-999449,3232240660,192.168.20.20,N/A,Behin-iLO,N/A,N/A,N/A,-1,Timeout happened.,4,2023-02-27 17:47:48,ILO
f0301683-b320-4646-963b-c1e7bce561e6,NETNOD-999435,3232240642,192.168.20.2,N/A,Behin-Nessus,N/A,N/A,N/A,-1,Timeout happened.,4,2023-02-27 17:47:48,ILO
3c8aecd6-a9cd-4525-9b5a-f30b9a47c94b,NETNOD-999435,3232240642,192.168.20.2,N/A,Behin-iLO,N/A,N/A,N/A,-1,Timeout happened.,4,2023-02-27 17:47:48,ILO
478d9623-061a-49e0-9e8f-e59dd39eecbc,NETNOD-999448,3232240658,192.168.20.18,N/A,Behin-Nessus,N/A,N/A,N/A,-1,Timeout happened.,4,2023-02-27 17:47:48,ILO
3a30ea76-a30a-48ae-83d1-dc9f81d5854a,NETNOD-999448,3232240658,192.168.20.18,N/A,Behin-iLO,N/A,N/A,N/A,-1,Timeout happened.,4,2023-02-27 17:47:48,ILO
d23bd5cf-90c9-4b00-880e-586a57ac8531,NETNOD-999447,3232240657,192.168.20.17,N/A,Behin-Nessus,N/A,N/A,N/A,-1,Timeout happened.,4,2023-02-27 17:47:48,ILO
29968b87-e616-4f91-b220-c23918aefb59,NETNOD-999447,3232240657,192.168.20.17,N/A,Behin-iLO,N/A,N/A,N/A,-1,Timeout happened.,4,2023-02-27 17:47:48,ILO
43961ebe-26be-4e17-8a7d-8fddd2587b44,NETNOD-999446,3232240656,192.168.20.16,N/A,Behin-Nessus,N/A,N/A,N/A,-1,Timeout happened.,4,2023-02-27 17:47:48,ILO
f42d4032-a6ff-4dc3-83ae-a8512daac21f,NETNOD-999446,3232240656,192.168.20.16,N/A,Behin-iLO,N/A,N/A,N/A,-1,Timeout happened.,4,2023-02-27 17:47:48,ILO
a3e6078c-1436-43f3-88f1-3792a2f16ff1,NETNOD-999445,3232240655,192.168.20.15,N/A,Behin-Nessus,N/A,N/A,N/A,-1,Timeout happened.,4,2023-02-27 17:47:48,ILO
69927b95-60af-4a4d-a346-f624f978e676,NETNOD-999445,3232240655,192.168.20.15,N/A,Behin-iLO,N/A,N/A,N/A,-1,Timeout happened.,4,2023-02-27 17:47:48,ILO
2ed089b5-5358-4c71-903e-aba7090b780d,NETNOD-999444,3232240653,192.168.20.13,N/A,Behin-Nessus,N/A,N/A,N/A,-1,Timeout happened.,4,2023-02-27 17:47:48,ILO
35157689-8ac4-433f-9e4e-6d2c0ef15119,NETNOD-999444,3232240653,192.168.20.13,N/A,Behin-iLO,N/A,N/A,N/A,-1,Timeout happened.,4,2023-02-27 17:47:48,ILO
9f88c907-4222-4fb9-b01c-3f31059610a9,NETNOD-999443,3232240651,192.168.20.11,N/A,Behin-Nessus,N/A,N/A,N/A,-1,Timeout happened.,4,2023-02-27 17:47:48,ILO
040dabcc-3114-4a77-8881-9397f9146d49,NETNOD-999443,3232240651,192.168.20.11,N/A,Behin-iLO,N/A,N/A,N/A,-1,Timeout happened.,4,2023-02-27 17:47:48,ILO
0de9fa98-e173-4ee3-bbf7-756d6e9d1c72,NETNOD-999452,3232240741,192.168.20.101,N/A,Behin-Nessus,N/A,N/A,N/A,-1,,4,2023-02-27 17:47:48,ILO
557976b6-56d5-4314-bd09-323e8124b5ef,NETNOD-999452,3232240741,192.168.20.101,N/A,Behin-iLO,N/A,N/A,N/A,-1,,4,2023-02-27 17:47:48,ILO
54d7ad90-4e3b-4e15-b04b-6cf73576603f,NETNOD-999442,3232240650,192.168.20.10,N/A,Behin-Nessus,N/A,N/A,N/A,-1,Timeout happened.,4,2023-02-27 17:47:48,ILO
49e2dc38-b7fb-483c-ba48-a3ac8aec4f99,NETNOD-999442,3232240650,192.168.20.10,N/A,Behin-iLO,N/A,N/A,N/A,-1,Timeout happened.,4,2023-02-27 17:47:48,ILO
518aa290-ef26-4498-a4a6-24e46b75f8a1,NETNOD-999524,3232282120,192.168.182.8,N/A,Behin-Nessus,N/A,N/A,N/A,-1,,4,2023-02-27 17:47:48,ILO
c29461c0-2f4d-48ea-8d8e-4af6d5bbf6ee,NETNOD-999524,3232282120,192.168.182.8,N/A,Behin-iLO,N/A,N/A,N/A,-1,,4,2023-02-27 17:47:48,ILO
ddac7fee-bca5-4c6c-81fd-467136394643,NETNOD-999525,3232282119,192.168.182.7,N/A,Behin-Nessus,N/A,N/A,N/A,-1,,4,2023-02-27 17:47:48,ILO
c77ba211-a38b-469d-b5c1-32ea5e58c9a8,NETNOD-999525,3232282119,192.168.182.7,N/A,Behin-iLO,N/A,N/A,N/A,-1,,4,2023-02-27 17:47:48,ILO
fb6e25b7-759e-4dda-9fc2-d9ddb4a54494,NETNOD-999526,3232282118,192.168.182.6,N/A,Behin-Nessus,N/A,N/A,N/A,-1,,4,2023-02-27 17:47:48,ILO
132da4aa-f570-4ec5-bbbc-1f6b207a51ab,NETNOD-999526,3232282118,192.168.182.6,N/A,Behin-iLO,N/A,N/A,N/A,-1,,4,2023-02-27 17:47:48,ILO
4d80be67-76af-4df7-a39a-b84eae58ead7,NETNOD-999521,3232282117,192.168.182.5,N/A,Behin-Nessus,N/A,N/A,N/A,-1,,4,2023-02-27 17:47:48,ILO
41c7f080-4974-4439-9eed-06fed6fd036e,NETNOD-999521,3232282117,192.168.182.5,N/A,Behin-iLO,N/A,N/A,N/A,-1,,4,2023-02-27 17:47:48,ILO
2bab611f-4a0a-4e33-9726-9fa6800788ea,NETNOD-999520,3232282115,192.168.182.3,N/A,Behin-Nessus,N/A,N/A,N/A,-1,,4,2023-02-27 17:47:48,ILO
a7504569-7bf9-4e60-a374-b25c291804b2,NETNOD-999520,3232282115,192.168.182.3,N/A,Behin-iLO,N/A,N/A,N/A,-1,,4,2023-02-27 17:47:48,ILO
78529de2-b062-4c50-be8a-d25494ffcebf,NETNOD-999567,3232282365,192.168.182.253,N/A,Behin-Nessus,N/A,N/A,N/A,-1,Timeout happened.,4,2023-02-27 17:47:48,ILO
c442d0c9-7ad8-4c85-b8b9-0edfc24774f0,NETNOD-999567,3232282365,192.168.182.253,N/A,Behin-iLO,N/A,N/A,N/A,-1,Timeout happened.,4,2023-02-27 17:47:48,ILO
57a25880-3df3-449b-b937-e93694c779bf,NETNOD-999519,3232282114,192.168.182.2,N/A,Behin-Nessus,N/A,N/A,N/A,-1,,4,2023-02-27 17:47:48,ILO
231b66c2-78f6-46f5-b39f-0ea480e91ac5,NETNOD-999519,3232282114,192.168.182.2,N/A,Behin-iLO,N/A,N/A,N/A,-1,,4,2023-02-27 17:47:48,ILO
a77d8de4-37bd-41bd-b1e7-7bc06f1ddc77,NETNOD-999560,3232282126,192.168.182.14,N/A,Behin-Nessus,N/A,N/A,N/A,-1,Timeout happened.,4,2023-02-27 17:47:48,ILO
198a3626-da78-4983-acb1-e424d4171cef,NETNOD-999560,3232282126,192.168.182.14,N/A,Behin-iLO,N/A,N/A,N/A,-1,Timeout happened.,4,2023-02-27 17:47:48,ILO
fb34327a-c6d2-4935-bd72-fbff29c82d08,NETNOD-999523,3232282113,192.168.182.1,N/A,Behin-Nessus,N/A,N/A,N/A,-1,,4,2023-02-27 17:47:48,ILO
f3d3cb70-8dd5-400c-b5fc-a799646b8a93,NETNOD-999523,3232282113,192.168.182.1,N/A,Behin-iLO,N/A,N/A,N/A,-1,,4,2023-02-27 17:47:48,ILO
6940e4b9-50e8-4ded-8d0c-546333bfbea2,NETNOD-999400,3232280840,192.168.177.8,N/A,Behin-Nessus,N/A,N/A,N/A,-1,Timeout happened.,4,2023-02-27 17:47:48,ILO
e7d152a2-7675-4343-8315-f82474633a32,NETNOD-999400,3232280840,192.168.177.8,N/A,Behin-iLO,N/A,N/A,N/A,-1,Timeout happened.,4,2023-02-27 17:47:48,ILO
94929c52-ce52-4299-b086-107edeaed775,NETNOD-999402,3232280859,192.168.177.27,N/A,Behin-Nessus,N/A,N/A,N/A,-1,Timeout happened.,4,2023-02-27 17:47:48,ILO
1cb8b3f4-3943-44e5-a8ea-9463fac5e176,NETNOD-999402,3232280859,192.168.177.27,N/A,Behin-iLO,N/A,N/A,N/A,-1,Timeout happened.,4,2023-02-27 17:47:48,ILO
4b289af1-ae87-4a10-bf28-2eaa2700c16c,NETNOD-999401,3232280858,192.168.177.26,N/A,Behin-Nessus,N/A,N/A,N/A,-1,Timeout happened.,4,2023-02-27 17:47:48,ILO
0bd6ebaf-57ac-4fa9-8967-e5bad9798416,NETNOD-999401,3232280858,192.168.177.26,N/A,Behin-iLO,N/A,N/A,N/A,-1,Timeout happened.,4,2023-02-27 17:47:48,ILO
615d1157-e73e-4ac2-9540-55a2498aa62d,NETNOD-999399,3232280577,192.168.176.1,N/A,Behin-Nessus,N/A,N/A,N/A,-1,Timeout happened.,4,2023-02-27 17:47:48,ILO
7501fc05-6052-4f3f-9619-c8d3770ec1f4,NETNOD-999399,3232280577,192.168.176.1,N/A,Behin-iLO,N/A,N/A,N/A,-1,Timeout happened.,4,2023-02-27 17:47:48,ILO
ff9836d6-f018-46a7-9578-5646f6159f6c,NETNOD-999552,3232280407,192.168.175.87,N/A,Behin-Nessus,N/A,N/A,N/A,-1,Timeout happened.,4,2023-02-27 17:47:48,ILO
fe854234-bb75-4f4a-9d6b-97cc66a081f2,NETNOD-999552,3232280407,192.168.175.87,N/A,Behin-iLO,N/A,N/A,N/A,-1,Timeout happened.,4,2023-02-27 17:47:48,ILO
c5495b90-b14c-4443-a30a-c9c5972b7685,NETNOD-999538,3232280406,192.168.175.86,N/A,Behin-Nessus,N/A,N/A,N/A,-1,Timeout happened.,4,2023-02-27 17:47:48,ILO
f22763ee-45da-4e3e-9cf0-02f371d3ca77,NETNOD-999538,3232280406,192.168.175.86,N/A,Behin-iLO,N/A,N/A,N/A,-1,Timeout happened.,4,2023-02-27 17:47:48,ILO
8c83b22c-4be9-45cf-b5a3-b83ed6c9f191,NETNOD-999397,3232280482,192.168.175.162,N/A,Behin-Nessus,N/A,N/A,N/A,-1,Timeout happened.,4,2023-02-27 17:47:48,ILO
e3b3c5a5-4f3c-43d0-a036-f8a1fc470f99,NETNOD-999397,3232280482,192.168.175.162,N/A,Behin-iLO,N/A,N/A,N/A,-1,Timeout happened.,4,2023-02-27 17:47:48,ILO
36a27f02-9401-47d6-964e-1b0b45e9ee87,NETNOD-999394,3232279553,192.168.172.1,N/A,Behin-Nessus,N/A,N/A,N/A,-1,Timeout happened.,4,2023-02-27 17:47:48,ILO
1c1c24e4-8baa-4be9-87e4-dec66d6d8ba0,NETNOD-999394,3232279553,192.168.172.1,N/A,Behin-iLO,N/A,N/A,N/A,-1,Timeout happened.,4,2023-02-27 17:47:48,ILO
20d54f34-9202-4303-b05c-8fffd262195d,NETNOD-999564,3232268808,192.168.130.8,N/A,Behin-Nessus,N/A,N/A,N/A,-1,Timeout happened.,4,2023-02-27 17:47:48,ILO
2eee5146-31c0-4ba5-b110-7b6f4c4fbf86,NETNOD-999564,3232268808,192.168.130.8,N/A,Behin-iLO,N/A,N/A,N/A,-1,Timeout happened.,4,2023-02-27 17:47:48,ILO
11e4eada-e61d-429e-a3d4-6637d3b2c76d,NETNOD-999563,3232268807,192.168.130.7,N/A,Behin-Nessus,N/A,N/A,N/A,-1,Timeout happened.,4,2023-02-27 17:47:48,ILO
28f3f5e3-fd2a-4b73-8cca-16afa8ed1826,NETNOD-999563,3232268807,192.168.130.7,N/A,Behin-iLO,N/A,N/A,N/A,-1,Timeout happened.,4,2023-02-27 17:47:48,ILO
d1faa853-7afb-4ef4-864f-fc2b7386e229,NETNOD-999562,3232268806,192.168.130.6,N/A,Behin-Nessus,N/A,N/A,N/A,-1,Timeout happened.,4,2023-02-27 17:47:48,ILO
cfa58a52-03a2-4dcf-9847-796705f5f7e3,NETNOD-999562,3232268806,192.168.130.6,N/A,Behin-iLO,N/A,N/A,N/A,-1,Timeout happened.,4,2023-02-27 17:47:48,ILO
a028eeb4-b7f6-4e9a-907b-72524ef6d0a0,NETNOD-999561,3232268804,192.168.130.4,N/A,Behin-Nessus,N/A,N/A,N/A,-1,Timeout happened.,4,2023-02-27 17:47:48,ILO
aba55893-f897-458d-ba4f-e7f644d897c4,NETNOD-999561,3232268804,192.168.130.4,N/A,Behin-iLO,N/A,N/A,N/A,-1,Timeout happened.,4,2023-02-27 17:47:48,ILO
5cfb22a8-cca8-4051-b1c6-4110546df59f,NETNOD-999743,3107295027,185.53.143.51,N/A,Behin-Nessus,N/A,N/A,N/A,-1,Timeout happened.,4,2023-02-27 17:47:48,ILO
426340c2-0b22-43f2-af11-8e782892f5d1,NETNOD-999743,3107295027,185.53.143.51,N/A,Behin-iLO,N/A,N/A,N/A,-1,Timeout happened.,4,2023-02-27 17:47:48,ILO
c01e85b4-c4fc-40ba-b289-607704dcec95,NETNOD-999390,2886729986,172.16.1.2,N/A,Behin-Nessus,N/A,N/A,N/A,-1,Timeout happened.,4,2023-02-27 17:47:48,ILO
2b21594f-aad6-4db2-9836-1e77c96abb98,NETNOD-999390,2886729986,172.16.1.2,N/A,Behin-iLO,N/A,N/A,N/A,-1,Timeout happened.,4,2023-02-27 17:47:48,ILO
d22b7856-1635-4428-ba28-b118262b831c,NETNOD-999389,2886729729,172.16.0.1,N/A,Behin-Nessus,N/A,N/A,N/A,-1,Timeout happened.,4,2023-02-27 17:47:48,ILO
7d6dc05b-ae7d-4016-bce0-17569ebc2ef5,NETNOD-999389,2886729729,172.16.0.1,N/A,Behin-iLO,N/A,N/A,N/A,-1,Timeout happened.,4,2023-02-27 17:47:48,ILO
e2eda3b7-3794-4cb1-9c96-b5c1bc188b11,NETNOD-999554,168427777,10.10.1.1,N/A,Behin-Nessus,N/A,N/A,N/A,-1,Timeout happened.,4,2023-02-27 17:47:48,ILO
9287e92b-af74-464d-be85-3f8a3d1a1755,NETNOD-999554,168427777,10.10.1.1,N/A,Behin-iLO,N/A,N/A,N/A,-1,Timeout happened.,4,2023-02-27 17:47:48,ILO
2c9c297d-1a06-40a7-8537-4d4e2494aa4b,NETNOD-999757,3232282222,192.168.182.110,N/A,Behin-iLO,hp3-cal001-cp,N/A,10:60:4B:B1:AF:AC,1,N/A,4,2023-02-27 17:47:48,ILO
